step,train_loss,val_loss
0,2.799953938,2.752483845
50,1.968263745,1.954322100
100,1.695574880,1.688146353
150,1.505721092,1.499111652
200,1.375044584,1.375152588
250,1.302676201,1.347388864
300,1.244107366,1.235749960
350,1.177361488,1.174534678
400,1.138535500,1.139612556
450,1.110915661,1.112083435
500,1.112086415,1.092993259
550,1.075005054,1.081358075
600,1.067012072,1.063166618
650,1.049593806,1.049036145
700,1.032976866,1.033342123
750,1.088831186,1.055910826
800,1.021857619,1.021385074
850,1.018285632,1.019250393
900,1.039131045,1.014727592
950,1.008978844,1.008373618
1000,1.003723264,1.001717925
1050,0.999165118,0.997360647
1100,0.995325983,0.996921182
1150,0.994461298,0.998662412
1200,0.989441097,0.988807201
1250,0.986908436,0.987167537
1300,0.985759079,0.984804809
1350,0.987796485,0.986875236
1400,0.983648837,0.982061386
1450,0.980633676,0.983009517
1500,0.980367184,0.984456420
1550,0.981471181,0.989891171
1600,0.977017999,0.978754997
1650,0.975661695,0.978555918
1700,0.978676736,0.978047371
1750,0.974214971,0.977748692
1800,0.971906841,0.974821031
1850,0.970676959,0.973910630
1900,0.969169676,0.972620249
1950,0.968159378,0.972410023
2000,0.967509627,0.971584857
2050,0.966590345,0.971028805
2100,0.967973113,0.984625220
2150,0.965371192,0.970698237
2200,0.964595854,0.970443189
2250,0.966147959,0.976008177
2300,0.967208862,0.969833910
2350,0.961051822,0.968751073
2400,0.960694551,0.968129754
2450,0.959007800,0.967170298
2500,0.957620025,0.968145192
2550,0.956555784,0.966605961
2600,0.954778373,0.964310110
2650,0.953521967,0.963062882
2700,0.952757776,0.962224126
2750,0.952763438,0.968060613
2800,0.948469460,0.959800541
2850,0.946713805,0.958703518
2900,0.945430934,0.958068609
2950,0.944598675,0.956160367
3000,0.946437716,0.961298168
3050,0.940956533,0.956401825
3100,0.938985288,0.954073071
3150,0.937142551,0.952527761
3200,0.935070932,0.952359438
3250,0.933465779,0.950067878
3300,0.931962192,0.949502647
3350,0.929997623,0.948078752
3400,0.936474860,0.947678089
3450,0.927932262,0.945166767
3500,0.926336884,0.944108784
3550,0.924591482,0.943193674
3600,0.924126506,0.941744983
3650,0.920907259,0.940404177
3700,0.920103252,0.939051867
3750,0.918322265,0.940753222
3800,0.916970849,0.934695661
3850,0.917168736,0.937494516
3900,0.913434327,0.932366967
3950,0.912769616,0.931129694
4000,0.910259008,0.929853857
4050,0.907767832,0.928205848
4100,0.907548487,0.926998198
4150,0.905798793,0.926809788
4200,0.903408587,0.925455749
4250,0.902018964,0.925395966
4300,0.901335478,0.923436642
4350,0.899534583,0.923351407
4400,0.898107290,0.921528399
4450,0.896817207,0.921706438
4500,0.895420253,0.920156717
4550,0.895124257,0.920145273
4600,0.894378781,0.920144916
4650,0.892073631,0.918560207
4700,0.891570210,0.918181121
4750,0.889396727,0.917559981
4800,0.888355911,0.915515602
4850,0.889338136,0.915916920
4900,0.885762632,0.915310562
4950,0.885248721,0.913766742
5000,0.884679019,0.912632644
5050,0.883044779,0.911861479
5100,0.882515609,0.911468208
5150,0.881599486,0.911141098
5200,0.879187763,0.909527421
5250,0.878801048,0.908549011
5300,0.879628718,0.909363508
5350,0.876841724,0.908417583
5400,0.875055015,0.907111049
5450,0.874019504,0.906495869
5500,0.873772681,0.907454908
5550,0.874945223,0.907145143
5600,0.870566487,0.907347202
5650,0.869284749,0.904257417
5700,0.868659317,0.904090166
5750,0.866859198,0.902488828
5800,0.865903735,0.901813209
5850,0.868725300,0.900952756
5900,0.863854945,0.900123239
5950,0.863134146,0.899785638
6000,0.862052262,0.899899840
6050,0.860684037,0.897789896
6100,0.859464705,0.896390378
6150,0.860559404,0.897430360
6200,0.857142627,0.896108747
6250,0.855988920,0.895683169
6300,0.855584800,0.895577252
6350,0.856675148,0.893625677
6400,0.852825940,0.892492712
6450,0.853228331,0.890661895
6500,0.851251364,0.891622841
6550,0.852498472,0.893018842
6600,0.850901902,0.894377470
6650,0.848513842,0.892187893
6700,0.849026620,0.891503036
6750,0.847039342,0.887891710
6800,0.845521510,0.886949837
6850,0.845397830,0.887027919
6900,0.844797671,0.886796594
6950,0.842445731,0.885338902
7000,0.842268050,0.884773910
7050,0.841581464,0.883685946
7100,0.841257572,0.883625269
7150,0.838728011,0.882918000
7200,0.839535654,0.883223772
7250,0.838398159,0.882812500
7300,0.839037299,0.885814250
7350,0.836067021,0.883981705
7400,0.836116850,0.880848825
7450,0.834113061,0.880000710
7500,0.835715413,0.880120993
7550,0.838918567,0.880092800
7600,0.835588992,0.880003572
7650,0.833975554,0.880402863
7700,0.837798655,0.879649878
7750,0.830056727,0.876767457
7800,0.829127073,0.877022088
7850,0.828246176,0.876493573
7900,0.827330053,0.875438869
7950,0.826124072,0.875613987
8000,0.829655230,0.885031343
8050,0.825455666,0.874103665
8100,0.825091660,0.878223896
8150,0.824475646,0.874846101
8200,0.823946953,0.875324845
8250,0.823279142,0.872122765
8300,0.822016954,0.871889532
8350,0.824043572,0.872763515
8400,0.821596384,0.873078167
8450,0.822201550,0.872417390
8500,0.819077671,0.870798290
8550,0.818222880,0.870828032
8600,0.819204032,0.871812701
8650,0.817579031,0.870039165
8700,0.816985607,0.869838893
8750,0.820166945,0.870405972
8800,0.818739891,0.871234238
8850,0.816834927,0.869830430
8900,0.819842756,0.868043900
8950,0.814153075,0.868749559
9000,0.813167274,0.867673874
9050,0.813900888,0.866946876
9100,0.813535988,0.867702663
9150,0.812271178,0.868125856
9200,0.812159598,0.867195368
9250,0.812690079,0.869246125
9300,0.809514105,0.866939425
9350,0.809839666,0.868463755
9400,0.808115900,0.865998924
9450,0.810341656,0.865848184
9500,0.808859527,0.867232025
9550,0.808230579,0.866483986
9600,0.807115078,0.866037428
9650,0.807692766,0.868128896
9700,0.804973960,0.866532862
9750,0.805473506,0.865753412
9800,0.811659932,0.866545498
9850,0.806477308,0.867051125
9900,0.803621054,0.864052534
9950,0.804664612,0.866012692
10000,0.803736031,0.864821315
10050,0.802497029,0.865052760
10100,0.802167296,0.864512861
10150,0.806623995,0.868174732
10200,0.800757587,0.863193929
10250,0.803200603,0.866858780
10300,0.804084778,0.863979816
10350,0.801958144,0.865584910
10400,0.798342288,0.864352465
10450,0.808050334,0.877153099
10500,0.797673881,0.864205658
10550,0.799308002,0.864795148
10600,0.811296225,0.869871497
10650,0.800785303,0.863308549
10700,0.795997679,0.862450659
10750,0.797556877,0.864860773
10800,0.796845913,0.863748968
10850,0.798853219,0.866007030
10900,0.809762120,0.874498487
10950,0.802515507,0.861903429
11000,0.795070827,0.863448560
11050,0.795328259,0.862922609
11100,0.795894623,0.863185108
11150,0.795318365,0.863794982
11200,0.793560147,0.864127040
11250,0.792623222,0.862703562
11300,0.794735610,0.869350791
11350,0.794310331,0.864753783
11400,0.794105887,0.863643765
11450,0.795907497,0.863229990
11500,0.790645778,0.863860428
11550,0.790282369,0.866350591
11600,0.793740451,0.865177929
11650,0.789700449,0.864210784
11700,0.791174233,0.867432177
11750,0.790532649,0.864131868
11800,0.799932897,0.869730890
11850,0.791176140,0.867224038
11900,0.790743351,0.873657703
11950,0.790256381,0.866702616
12000,0.788424611,0.867278874
12050,0.790051281,0.867956579
12100,0.794282556,0.872691631
12150,0.787376940,0.866139531
12200,0.787912726,0.865100443
12250,0.790471137,0.868183792
12300,0.786398411,0.865758657
12350,0.787379146,0.867320836
12400,0.786062479,0.865430415
12450,0.785155594,0.865876377
12500,0.794848382,0.872564852
12550,0.785673857,0.867009163
12600,0.810497999,0.870049238
12650,0.786892891,0.869839251
12700,0.784168243,0.865956604
12750,0.786830783,0.870164454
12800,0.794977367,0.871584415
12850,0.785619736,0.867818952
12900,0.783390999,0.866799593
12950,0.784837961,0.865836859
13000,0.814321399,0.872354746
13050,0.783534944,0.867235959
13100,0.784280837,0.867759228
13150,0.786763310,0.868017793
13200,0.794358075,0.874605834
13250,0.791732669,0.892371356
13300,0.784580648,0.871778727
13350,0.784798443,0.867736816
13400,0.781574309,0.871498287
13450,0.780381620,0.871097028
13500,0.781574547,0.869369090
13550,0.779980838,0.867644727
13600,0.783330142,0.867290139
13650,0.779129565,0.866931617
13700,0.782584608,0.867372990
13750,0.779596746,0.866743267
13800,0.781049848,0.868926227
13850,0.779034853,0.867308140
13900,0.785968661,0.869584680
13950,0.778818905,0.868029118
14000,0.787912250,0.879003465
14050,0.782922029,0.879999578
14100,0.781318188,0.868793488
14150,0.777863503,0.870084703
14200,0.782426536,0.882812619
14250,0.783159137,0.869207382
14300,0.777317345,0.870771468
14350,0.779411495,0.869490266
14400,0.783755243,0.868961751
14450,0.778574586,0.870862365
14500,0.775716364,0.869179487
14550,0.775758922,0.869394481
14600,0.780789256,0.868531168
14650,0.776495278,0.869606793
14700,0.776571870,0.871441543
14750,0.778572440,0.872741282
14800,0.774568319,0.870092034
14850,0.774744332,0.869899690
14900,0.774304271,0.868823290
14950,0.782559454,0.872637749
15000,0.774635851,0.870289624
15050,0.777880490,0.885244191
15100,0.777528226,0.871265531
15150,0.777910292,0.871706724
15200,0.774408281,0.870126188
15250,0.772888601,0.868992269
15300,0.807854950,0.875571549
15350,0.772879839,0.870744228
15400,0.773030639,0.871597886
15450,0.783038795,0.874212205
15500,0.789626002,0.874244094
15550,0.774354279,0.871407032
15600,0.771265149,0.871236682
15650,0.772123039,0.873229980
15700,0.771307468,0.870297134
15750,0.771287978,0.870665431
15800,0.771241784,0.871512234
15850,0.778751910,0.870931625
15900,0.772189677,0.870864034
15950,0.771211505,0.872748077
16000,0.774029136,0.872028828
16050,0.772459567,0.874516606
16100,0.778172493,0.880815923
16150,0.776231468,0.869964421
16200,0.771532595,0.873021007
16250,0.770215511,0.874463856
16300,0.772977233,0.882514179
16350,0.773205280,0.883096874
16400,0.778139889,0.872831762
16450,0.770842195,0.872233927
16500,0.768777490,0.872026801
16550,0.775953650,0.872813404
16600,0.770326555,0.875370383
16650,0.773022592,0.872924864
16700,0.772614121,0.872615993
16750,0.782837749,0.892895460
16800,0.771819830,0.873234630
16850,0.770295203,0.875205100
16900,0.768913329,0.872347891
16950,0.768374324,0.872795761
17000,0.768007278,0.873953760
17050,0.773833275,0.874780118
17100,0.782066286,0.877717674
17150,0.793986142,0.900743544
17200,0.773498416,0.894097686
17250,0.766273081,0.874540627
17300,0.773144007,0.881744683
17350,0.768930316,0.877596915
17400,0.766303122,0.873775601
17450,0.802046716,0.880283475
17500,0.766039610,0.878125906
17550,0.771883070,0.874252319
17600,0.768374026,0.874777138
17650,0.765864968,0.875493765
17700,0.765413940,0.874295950
17750,0.765957892,0.873564184
17800,0.769631982,0.875557303
17850,0.765554786,0.875234485
17900,0.792572677,0.877558470
17950,0.775773048,0.885975957
18000,0.764431179,0.874486864
18050,0.783683717,0.885420620
18100,0.790399730,0.893566608
18150,0.766756594,0.887126148
18200,0.765285015,0.875057578
18250,0.766424537,0.874056220
18300,0.765632033,0.875960052
18350,0.763665915,0.876839995
18400,0.770052314,0.877869844
18450,0.769387841,0.876043975
18500,0.771080256,0.878124535
18550,0.764684439,0.880971491
18600,0.776074946,0.875482202
18650,0.764891028,0.878236711
18700,0.763087094,0.875454485
18750,0.775385439,0.882685602
18800,0.763737619,0.876779437
18850,0.763547182,0.874944925
18900,0.768099368,0.877245188
18950,0.764021635,0.878929675
19000,0.763034821,0.876850367
19050,0.762135863,0.877370358
19100,0.761473596,0.878461957
19150,0.762547314,0.879752815
19200,0.767745972,0.887349010
19250,0.765346766,0.877543390
19300,0.762489438,0.878784895
19350,0.761326551,0.878024101
19400,0.782978117,0.923798859
19450,0.760832787,0.878717363
19500,0.788208544,0.899188280
19550,0.770491421,0.889247775
19600,0.764982283,0.878012598
19650,0.761293769,0.880576372
19700,0.763180375,0.881191015
19750,0.761548400,0.883807361
19800,0.762842655,0.881928563
19850,0.760985255,0.881330013
19900,0.760833263,0.881339550
19950,0.760707140,0.878825724
20000,0.762750506,0.879875898
20050,0.760354698,0.880959809
20100,0.765166283,0.887905955
20150,0.760610640,0.881779671
20200,0.761653304,0.894385159
20250,0.759336054,0.883183420
20300,0.761589468,0.885532320
20350,0.760953069,0.883132577
20400,0.760082424,0.880665183
20450,0.767881632,0.884757280
20500,0.764758587,0.882109642
20550,0.766775250,0.882853448
20600,0.763431668,0.882475972
20650,0.759695947,0.882010043
20700,0.758661330,0.883770227
20750,0.766085267,0.882699907
20800,0.760786831,0.883177996
20850,0.757937074,0.884847224
20900,0.761913180,0.885381043
20950,0.760931134,0.883619010
21000,0.758934677,0.885238945
21050,0.757716358,0.885050416
21100,0.758039176,0.883904219
21150,0.776439190,0.898683310
21200,0.767962575,0.894975841
21250,0.761365592,0.886156082
21300,0.759532571,0.885184586
21350,0.761678636,0.889225721
21400,0.758955300,0.885311663
21450,0.757720888,0.887384415
21500,0.757113278,0.886892021
21550,0.761900902,0.895410419
21600,0.757543027,0.888323903
21650,0.766499877,0.896441698
21700,0.767244518,0.888389289
21750,0.767657936,0.886556149
21800,0.761561930,0.892076373
21850,0.758171082,0.887528777
21900,0.760736525,0.885599852
21950,0.766625226,0.887528002
22000,0.768815517,0.887184143
22050,0.759602547,0.890407562
22100,0.756928384,0.889615178
22150,0.758290529,0.890089512
22200,0.756232321,0.888208389
22250,0.765482366,0.902468324
22300,0.758508742,0.891536832
22350,0.756724954,0.889619231
22400,0.784472942,0.897317231
22450,0.760440350,0.901791215
22500,0.759086370,0.889018774
22550,0.757995009,0.889631748
22600,0.761693418,0.887271225
22650,0.757031024,0.891146064
22700,0.756059349,0.891636550
22750,0.760666549,0.902765751
22800,0.759405077,0.889284909
22850,0.757735252,0.895299852
22900,0.756444395,0.891422153
22950,0.755936503,0.888915658
23000,0.755060196,0.892763674
23050,0.754586101,0.892810166
23100,0.800565720,0.901895225
23150,0.760921419,0.903806508
23200,0.759890139,0.891091228
23250,0.759128869,0.890420616
23300,0.755665123,0.900998473
23350,0.772091269,0.897325575
23400,0.771099448,0.906971693
23450,0.778268576,0.894118726
23500,0.767539442,0.892496705
23550,0.754219115,0.894228280
23600,0.753557205,0.895955145
23650,0.753660083,0.894658625
23700,0.756385624,0.894594252
23750,0.755750597,0.896084607
23800,0.754720271,0.897048771
23850,0.754138887,0.897333384
23900,0.753933609,0.897034109
23950,0.753056109,0.897162974
24000,0.763402522,0.905196846
24050,0.756483972,0.899577141
24100,0.757931828,0.894296467
24150,0.754196942,0.899159014
24200,0.752954960,0.900708139
24250,0.752586067,0.897626102
24300,0.755120039,0.898579061
24350,0.753074527,0.897969425
24400,0.752780318,0.899328589
24450,0.752688527,0.900460422
24500,0.759121001,0.901507020
24550,0.754669666,0.896854937
24600,0.755619049,0.900364101
24650,0.753553212,0.897155166
24700,0.753659964,0.899789751
24750,0.753702044,0.898809731
24800,0.752357900,0.901218891
24850,0.751814604,0.900622845
24900,0.751925409,0.900555134
24950,0.752288103,0.902537227
25000,0.751314521,0.903568923
25050,0.809276342,0.919652104
25100,0.751162350,0.901088357
25150,0.768996477,0.903119981
25200,0.755307376,0.910754800
25250,0.759273291,0.903727710
25300,0.759237766,0.908026993
25350,0.762649357,0.907082677
25400,0.755012453,0.903888285
25450,0.752817273,0.905218899
25500,0.751796424,0.901860774
25550,0.750900686,0.904006302
25600,0.751141548,0.903980672
25650,0.750707626,0.904654205
25700,0.750429034,0.904909849
25750,0.760777831,0.939549804
25800,0.755285203,0.905357182
25850,0.752262771,0.902698696
25900,0.750411987,0.904405773
25950,0.750206888,0.905884027
26000,0.749796093,0.906198740
26050,0.749825954,0.905716181
26100,0.749594629,0.906733990
26150,0.753054798,0.905539811
26200,0.749871790,0.907860100
26250,0.750651598,0.905604422
26300,0.752173245,0.911154211
26350,0.752918959,0.905789018
26400,0.749777138,0.909429967
26450,0.750248969,0.906823099
26500,0.751441181,0.915088475
26550,0.749168634,0.911883295
26600,0.759020329,0.961982071
26650,0.748721302,0.909084499
26700,0.760795891,0.936061502
26750,0.754402459,0.913271308
26800,0.753476441,0.907571793
26850,0.751509964,0.909884214
26900,0.753227532,0.917545021
26950,0.752617538,0.911011159
27000,0.760006845,0.903520405
27050,0.761021674,0.920402706
27100,0.749266326,0.912807465
27150,0.748740554,0.911122084
27200,0.748635769,0.910196841
27250,0.749611020,0.922732592
27300,0.748069525,0.912085593
27350,0.750743568,0.911902130
27400,0.748451889,0.913138807
27450,0.748377442,0.911975980
27500,0.747790694,0.913336873
27550,0.747668386,0.912668288
27600,0.749883592,0.910917521
27650,0.749187350,0.914097786
27700,0.755402267,0.913106322
27750,0.753402889,0.912715852
27800,0.753776073,0.912955582
27850,0.751256406,0.915010810
27900,0.750282228,0.907749832
27950,0.747434139,0.916171610
28000,0.747200847,0.913596988
28050,0.747253120,0.915466547
28100,0.747028768,0.915024936
28150,0.747280717,0.913560450
28200,0.747521579,0.915028751
28250,0.748122096,0.913301826
28300,0.749080360,0.916964173
28350,0.750270963,0.916951716
28400,0.748701692,0.915339828
28450,0.749061644,0.913695693
28500,0.749385417,0.915466845
28550,0.747962058,0.917202473
28600,0.748007834,0.914604604
28650,0.747892499,0.917991519
28700,0.749406040,0.915742815
28750,0.746502519,0.919732988
28800,0.746451080,0.916862249
28850,0.750939012,0.917502701
28900,0.758827090,0.921806037
28950,0.771603346,0.918602288
29000,0.749805391,0.927576661
29050,0.750846088,0.918271661
29100,0.751813710,0.918798029
29150,0.748789549,0.923469603
29200,0.746164560,0.918377817
29250,0.746004641,0.920645654
29300,0.745859623,0.917909622
29350,0.745563924,0.921208322
29400,0.745770514,0.918540776
29450,0.747591436,0.921871305
29500,0.749762654,0.917096496
29550,0.750379205,0.920917153
29600,0.750273824,0.918274403
29650,0.751421809,0.929452717
29700,0.753269494,0.920739055
29750,0.755271494,0.927302718
29800,0.749265373,0.929931760
29850,0.762816548,0.950468183
29900,0.745243371,0.923209310
29950,0.744956255,0.922969341
30000,0.745180905,0.921960413
30050,0.744673073,0.923167586
30100,0.745348811,0.920213282
30150,0.748338461,0.924220562
30200,0.747593105,0.921389461
30250,0.747827947,0.924659252
30300,0.746665597,0.927422285
30350,0.755453646,0.913999796
30400,0.744508386,0.924650967
30450,0.744415998,0.923909187
30500,0.744863033,0.924181819
30550,0.744739354,0.926243365
30600,0.744490504,0.926310122
30650,0.745290160,0.923206508
30700,0.744838178,0.928536832
30750,0.758560836,0.952601254
30800,0.747491300,0.931711078
30850,0.756734490,0.924211085
30900,0.747195184,0.932028830
30950,0.750631511,0.922744215
31000,0.749222517,0.936095595
31050,0.751263738,0.927854002
31100,0.747361422,0.929713130
31150,0.748706758,0.926769078
31200,0.750141382,0.926653504
31250,0.767771959,0.933441222
31300,0.744705558,0.934251368
31350,0.744226873,0.934926808
31400,0.743503392,0.928850710
31450,0.743492723,0.927840412
31500,0.743697703,0.929507077
31550,0.744612038,0.926806688
31600,0.746552587,0.930989206
31650,0.747986495,0.929843962
31700,0.752404511,0.951307654
31750,0.743116140,0.931270540
31800,0.743563533,0.932930112
31850,0.743335366,0.929335654
31900,0.783557713,0.952879965
31950,0.743109167,0.932049751
32000,0.743613005,0.931462407
32050,0.743462205,0.930704117
32100,0.743085146,0.931431770
32150,0.744262278,0.928503156
32200,0.742870390,0.933397353
32250,0.743005097,0.930956066
32300,0.747627795,0.934158444
32350,0.745999277,0.933476210
32400,0.746461987,0.931170642
32450,0.755775213,0.933204055
32500,0.744320571,0.943875670
32550,0.742567003,0.932577133
32600,0.742742360,0.933289468
32650,0.744567931,0.931013227
32700,0.744940817,0.933184683
32750,0.749225140,0.929657817
32800,0.742708623,0.934580803
32850,0.743530512,0.929623783
32900,0.744699240,0.930820227
32950,0.743720591,0.934630454
33000,0.744521677,0.930959225
33050,0.747896016,0.956018209
33100,0.763589263,0.963825226
33150,0.742036819,0.935307980
33200,0.741850138,0.935358763
33250,0.742272317,0.932681441
33300,0.743819892,0.932395160
33350,0.745808065,0.934394836
33400,0.758038878,0.932479739
33450,0.756797254,0.938849509
33500,0.753103971,0.948398352
33550,0.747871459,0.942980647
33600,0.747477412,0.934160709
33650,0.741790831,0.938797534
33700,0.741957128,0.937512398
33750,0.743392885,0.934702694
33800,0.750331581,0.937746525
33850,0.762134552,0.946543753
33900,0.741734982,0.937514782
33950,0.741124213,0.938978612
34000,0.741630495,0.937776804
34050,0.741663396,0.937238753
34100,0.745246828,0.933678567
34150,0.745862305,0.946999788
34200,0.752497017,0.943507135
34250,0.745488763,0.950296760
34300,0.762275100,0.978477776
34350,0.742493629,0.940501213
34400,0.742606103,0.937244475
34450,0.746060908,0.935147405
34500,0.746378362,0.941041827
34550,0.752766192,0.951437712
34600,0.763350308,0.941803157
34650,0.741698861,0.939636409
34700,0.783306479,0.942113161
34750,0.740466833,0.940834224
34800,0.740813017,0.940223634
34850,0.741831005,0.943005621
34900,0.740731716,0.941345274
34950,0.741301894,0.942324698
35000,0.743036091,0.939642727
35050,0.741846621,0.945958495
35100,0.746672690,0.937148333
35150,0.762540221,0.954692423
35200,0.763346672,0.967481673
35250,0.740297258,0.943971992
35300,0.745903134,0.937168658
35350,0.740078390,0.944099605
35400,0.740150809,0.943594635
35450,0.740203798,0.940755427
35500,0.742438257,0.941783965
35550,0.745764136,0.938262522
35600,0.744624376,0.948032022
35650,0.742578804,0.939366519
35700,0.744745612,0.942010045
35750,0.777370334,0.995661199
35800,0.740302980,0.942629635
35850,0.740431845,0.944112539
35900,0.742034733,0.939194560
35950,0.757505417,0.947719455
36000,0.765490711,0.963050783
36050,0.739415407,0.945298374
36100,0.740392923,0.942811430
36150,0.742581189,0.942029893
36200,0.745703876,0.950538814
36250,0.769397616,1.059687734
36300,0.739672124,0.942258596
36350,0.740659773,0.944830656
36400,0.743346095,0.939714968
36450,0.753840506,0.966186464
36500,0.744117856,0.978981137
36550,0.739187717,0.945784926
36600,0.739685833,0.944977582
36650,0.742217064,0.943900645
36700,0.745354831,0.954575777
36750,0.748476446,0.951093674
36800,0.760209024,0.967795908
36850,0.738698065,0.947406352
36900,0.739345551,0.944130898
36950,0.740470648,0.943638027
37000,0.745235026,0.951641619
37050,0.748721957,0.950393558
37100,0.755984068,0.955963075
37150,0.758409977,0.981440604
37200,0.738642216,0.948536158
37250,0.738816202,0.947328806
37300,0.741131365,0.937480927
37350,0.742349505,0.951281607
37400,0.743901789,0.956613302
37450,0.738518357,0.949720621
37500,0.738566518,0.946088552
37550,0.759964406,0.980524659
37600,0.739328444,0.950647414
37650,0.739719510,0.946341753
37700,0.742820382,0.951447666
37750,0.755298972,0.987164378
37800,0.738497198,0.950131059
37850,0.739630818,0.950383902
37900,0.739141583,0.947707057
37950,0.738260925,0.951077104
38000,0.738490641,0.949443042
38050,0.742205143,0.943574846
38100,0.741913021,0.959576964
38150,0.739131451,0.953851283
38200,0.738252163,0.951541603
38250,0.738562346,0.948689044
38300,0.740844667,0.945361555
38350,0.757875383,0.957040608
38400,0.738002837,0.950969577
38450,0.738142014,0.948098600
38500,0.739799738,0.948117137
38550,0.749299288,0.956946611
38600,0.738272965,0.952599049
38650,0.737625003,0.952423275
38700,0.739082217,0.944496691
38750,0.750985444,0.959103942
38800,0.739380300,0.957659900
38850,0.747660518,0.952368796
38900,0.738161147,0.952838600
38950,0.737856209,0.948905826
39000,0.742504418,0.949582279
39050,0.785963356,0.989053071
39100,0.737255752,0.952247679
39150,0.739917457,0.948110998
39200,0.742488086,0.952246308
39250,0.737552464,0.954527795
39300,0.738448739,0.949502945
39350,0.741479695,0.949705482
39400,0.750969946,0.950617969
39450,0.738332868,0.957275927
39500,0.737058520,0.955138147
39550,0.737877250,0.952306747
39600,0.739807487,0.946166217
39650,0.743451536,0.951880693
39700,0.741370857,0.964575648
39750,0.784806132,0.970699191
39800,0.736872137,0.955974698
39850,0.737130225,0.952718616
39900,0.738163292,0.953535259
39950,0.751057923,0.965178788
40000,0.736509323,0.955407917
40050,0.737141967,0.952643812
40100,0.739429593,0.951460540
40150,0.751078010,0.972716272
40200,0.736388564,0.957295418
40250,0.740174592,0.974217296
40300,0.736746848,0.955851197
40350,0.738798320,0.952649772
40400,0.741106451,0.953790188
40450,0.745621860,0.972161829
40500,0.750747144,0.966321290
40550,0.736293852,0.958442867
40600,0.736892581,0.954300702
40650,0.741559863,0.955923140
40700,0.747080863,0.979360700
40750,0.736288488,0.959905863
40800,0.736950815,0.953805268
40850,0.740294635,0.956375837
40900,0.743966341,0.963099301
40950,0.737433851,0.969096303
41000,0.736240268,0.957180798
41050,0.740845501,0.957690299
41100,0.762954116,0.979382634
41150,0.738952935,0.961447001
41200,0.738758326,0.955618739
41250,0.744543135,0.966676712
41300,0.735945880,0.962147832
41350,0.736721992,0.952172339
41400,0.737446487,0.956732452
41450,0.739064813,0.955619574
41500,0.749777853,0.983505249
41550,0.735830963,0.961611629
41600,0.735841632,0.960868359
41650,0.735644937,0.961660206
41700,0.736654043,0.955635905
41750,0.739439070,0.960399091
41800,0.742671549,0.962999225
41850,0.753229439,0.962176859
41900,0.735780776,0.964883208
41950,0.736032069,0.964405060
42000,0.736656785,0.958436251
42050,0.740870178,0.969472349
42100,0.736428738,0.968293846
42150,0.735451043,0.961811125
42200,0.738492250,0.955587506
42250,0.745845437,0.970633686
42300,0.738461852,0.971948326
42350,0.770231843,1.006387830
42400,0.735609710,0.967277825
42450,0.738711417,0.958207607
42500,0.770548940,0.993551910
42550,0.735287070,0.966200352
42600,0.735867202,0.961117446
42650,0.737353504,0.965320945
42700,0.748948693,0.978198647
42750,0.735319018,0.968896568
42800,0.736078620,0.961768508
42850,0.744637430,0.957364976
42900,0.735206604,0.967350185
42950,0.736073434,0.967595518
43000,0.736682296,0.961749971
43050,0.742538214,0.969490707
43100,0.761586666,0.976586401
43150,0.734805644,0.969055176
43200,0.735547125,0.961700678
43250,0.738929331,0.966866195
43300,0.734809637,0.972198248
43350,0.735160053,0.963505149
43400,0.739376009,0.967561960
43450,0.759846032,0.978627920
43500,0.734730303,0.970994473
43550,0.736655116,0.966011286
43600,0.739801645,0.970743001
43650,0.771267295,0.973600924
43700,0.734444261,0.969853699
43750,0.735630095,0.965256214
43800,0.738013089,0.965593994
43850,0.742776990,0.972591817
43900,0.735516250,0.978175163
43950,0.734420836,0.969823360
44000,0.774675310,0.995717585
44050,0.734559715,0.972432971
44100,0.735758364,0.970014393
44150,0.736500740,0.966025531
44200,0.738333941,0.972544253
44250,0.744519472,0.972874880
44300,0.735087633,0.971528530
44350,0.736272037,0.968210876
44400,0.750742972,0.980190992
44450,0.734660685,0.976869702
44500,0.734710097,0.971739471
44550,0.737717986,0.965098202
44600,0.762970448,0.991338670
44650,0.734258950,0.973256826
44700,0.735052466,0.967317462
44750,0.745232701,0.978094161
44800,0.738225639,0.973693132
44850,0.740586460,0.979225755
44900,0.733713865,0.979368210
44950,0.734786451,0.976136863
45000,0.736544549,0.966271222
45050,0.739545465,0.987466276
45100,0.742572010,0.981271505
45150,0.735391259,0.984635293
45200,0.733915091,0.975862503
45250,0.735904276,0.968819439
45300,0.735611856,0.985380113
45350,0.739670396,0.972351491
45400,0.742937386,0.992188692
45450,0.776477993,1.008834362
45500,0.733760715,0.978782535
45550,0.739973247,1.022744060
45600,0.733571172,0.979706585
45650,0.734118760,0.977541625
45700,0.736352384,0.978564560
45750,0.760426223,1.001957774
45800,0.733351886,0.980935812
45850,0.735682607,0.975969017
45900,0.741266668,0.985172808
45950,0.733119071,0.983186722
46000,0.733812332,0.977925777
46050,0.736267388,0.975135922
46100,0.749377608,1.001757503
46150,0.734305620,0.980518162
46200,0.735098720,0.977648139
46250,0.737266481,0.978190601
46300,0.738088250,0.980346262
46350,0.765533209,1.010949016
46400,0.733343959,0.983379245
46450,0.735203505,0.977728486
46500,0.743106902,0.988524675
46550,0.733256221,0.986419201
46600,0.733889639,0.980527699
46650,0.735535681,0.977973640
46700,0.758555353,0.992925704
46750,0.733032703,0.984421253
46800,0.732899845,0.984817028
46850,0.734062135,0.980766535
46900,0.744824529,0.999800503
46950,0.733176291,0.986080468
47000,0.732985198,0.984688103
47050,0.734281421,0.980835855
47100,0.741252184,0.982373774
47150,0.734159946,0.990847409
47200,0.732889116,0.986776471
47250,0.734210253,0.977998316
47300,0.755754411,0.990949452
47350,0.734357655,0.993737638
47400,0.734344900,0.988591015
47450,0.733253121,0.984901130
47500,0.741026819,0.987318456
47550,0.734097362,0.991194248
47600,0.732611001,0.990329146
47650,0.732953012,0.988991201
47700,0.734277248,0.981027186
47750,0.738040507,0.987318575
47800,0.741053700,0.990234733
47850,0.733533740,0.991052985
47900,0.733707488,0.985358894
47950,0.743832886,0.990857184
48000,0.732809365,0.990195811
48050,0.734110057,0.984800935
48100,0.769715309,1.007395148
48150,0.732188225,0.988837540
48200,0.733467340,0.987542331
48250,0.738694608,0.982089698
48300,0.732524753,0.992814362
48350,0.732254565,0.989100873
48400,0.734381676,0.990611911
48450,0.743315458,1.003721714
48500,0.732132077,0.990656257
48550,0.732605398,0.986867011
48600,0.739391863,0.987636328
48650,0.741376936,1.011634111
48700,0.734252095,0.998034298
48750,0.732268035,0.992462337
48800,0.733753264,0.985581577
48850,0.743578613,0.999793768
48900,0.732008815,0.993410707
48950,0.731997788,0.992322743
49000,0.734754801,0.989224494
49050,0.757675707,1.009227633
49100,0.732169807,0.994417012
49150,0.732676744,0.990877748
49200,0.736083090,0.987351537
49250,0.733365655,0.997195542
49300,0.764045238,1.006319523
49350,0.732034028,0.995594800
49400,0.732386231,0.989377916
49450,0.735576451,0.991235018
49500,0.740222037,1.033574939
49550,0.731620193,0.995616317
49600,0.732930958,0.993118882
49650,0.744722664,0.993037999
49700,0.731341481,0.996377826
49750,0.731570303,0.994488776
49800,0.733068109,0.992022574
49850,0.737043560,0.997971654
49900,0.734660864,1.014202714
49950,0.731243253,0.997901738
50000,0.731580675,0.995160222
50050,0.733336568,0.990978897
50100,0.732536197,0.999431491
50150,0.735585511,0.990644217
50200,0.731549382,1.001119733
50250,0.731150806,0.997695744
50300,0.732050121,0.995030522
50350,0.732281744,0.997295082
50400,0.735739648,0.993083715
50450,0.732258201,1.007357717
50500,0.732028902,0.996684313
50550,0.734681427,0.990591645
50600,0.741488159,1.004217863
50650,0.730867147,0.999409437
50700,0.731008947,0.998630345
50750,0.731937826,0.997565687
50800,0.732645273,0.995719314
50850,0.742704868,1.016267657
50900,0.731045187,1.003029823
50950,0.731984019,0.999785542
51000,0.732322514,0.997700334
51050,0.739615619,1.001668811
51100,0.731203318,1.002452254
51150,0.733261168,0.995254815
51200,0.757073760,1.005261064
51250,0.730551124,1.000725865
51300,0.731159985,0.997458220
51350,0.732227504,0.998069108
51400,0.740077436,1.002332687
51450,0.731459796,1.006599188
51500,0.731360614,1.001184344
51550,0.732584894,0.997804105
51600,0.737638593,1.008053303
51650,0.730537593,1.002681017
51700,0.730991602,1.001394749
51750,0.733623743,0.992408693
51800,0.744992197,1.018372178
51850,0.730591655,1.004979491
51900,0.730614007,1.000959873
51950,0.732755363,0.997790337
52000,0.750415564,1.032654166
52050,0.730302870,1.001985073
52100,0.730775058,1.001333237
52150,0.735072911,0.994855404
52200,0.767891169,1.010727882
52250,0.730813682,1.004138827
52300,0.731156111,0.999940991
52350,0.768229783,1.006600022
52400,0.730180502,1.001158595
52450,0.730544984,1.000443101
52500,0.736523986,0.996425688
52550,0.731482267,1.002641797
52600,0.730717421,1.002186298
52650,0.731099069,1.001313567
52700,0.735893428,1.002293110
52750,0.734244347,1.012039065
52800,0.730258524,1.006506324
52850,0.731673777,0.998590052
52900,0.739181221,1.009065509
52950,0.729995370,1.007150292
53000,0.730141103,1.006020665
53050,0.731089354,1.001469016
53100,0.735067904,1.007818460
53150,0.731219649,1.011611462
53200,0.729836464,1.007272840
53250,0.730496824,1.003319979
53300,0.732616007,0.999780357
53350,0.732159019,1.013361573
53400,0.736064911,1.043163896
53450,0.729908884,1.006221056
53500,0.730301321,1.003888488
53550,0.731164515,1.002079248
53600,0.746948957,1.017715693
53650,0.729660451,1.007479906
53700,0.730205357,1.007104516
53750,0.733321846,1.006949902
53800,0.772415876,1.018031836
53850,0.729544818,1.008380890
53900,0.729333937,1.010051966
53950,0.730398655,1.012220144
54000,0.731136680,1.004354358
54050,0.737284064,1.008459926
54100,0.730814576,1.013762832
54150,0.729564190,1.010112166
54200,0.730202377,1.006684422
54250,0.732138455,1.017622113
54300,0.752286255,1.015745044
54350,0.729499102,1.010589480
54400,0.730087996,1.003533006
54450,0.736840308,1.007479072
54500,0.730435967,1.017322421
54550,0.733438015,1.005746841
54600,0.729532063,1.015521407
54650,0.729503870,1.007221460
54700,0.733585894,1.004124165
54750,0.729169190,1.013973355
54800,0.729364455,1.009238958
54850,0.731551230,1.002289414
54900,0.758491397,1.014955878
54950,0.729140401,1.012541413
55000,0.729450822,1.007693291
55050,0.737482250,1.004632473
55100,0.762839794,1.019826770
55150,0.729603767,1.011614561
55200,0.730722487,1.008848429
55250,0.734647453,1.010489821
55300,0.728575408,1.013898253
55350,0.729466021,1.008610249
55400,0.732076645,1.009780526
55450,0.746658981,1.061575770
55500,0.728968382,1.011734247
55550,0.730655074,1.008326054
55600,0.742891610,1.020901203
55650,0.728777409,1.013965368
55700,0.729010940,1.011514783
55750,0.730745018,1.013689637
55800,0.737750232,1.012608767
55850,0.728781343,1.015371680
55900,0.729223073,1.009760976
55950,0.738730788,1.013463855
56000,0.728705227,1.016506553
56050,0.728738308,1.011823535
56100,0.730729461,1.012780190
56150,0.728965521,1.023823619
56200,0.728740990,1.013366342
56250,0.730657339,1.007996202
56300,0.744184375,1.016795754
56350,0.728666604,1.018983126
56400,0.728480458,1.014710307
56450,0.729499400,1.012413859
56500,0.733357251,1.007343173
56550,0.728628576,1.016294241
56600,0.729151905,1.011707306
56650,0.732559323,1.013832808
56700,0.731101871,1.017318487
56750,0.737216949,1.008852720
56800,0.729554296,1.021346927
56850,0.730789423,1.010557771
56900,0.738550305,1.027106047
56950,0.728510916,1.020915389
57000,0.728614509,1.019753218
57050,0.728348732,1.015826583
57100,0.729873121,1.016228199
57150,0.734763443,1.020681024
57200,0.727905631,1.021618962
57250,0.728081822,1.018407464
57300,0.729841590,1.014280200
57350,0.754420102,1.078470111
57400,0.727910459,1.018384576
57450,0.734247923,1.012942076
57500,0.728223622,1.023112774
57550,0.727874875,1.022448063
57600,0.728257656,1.019620299
57650,0.730933428,1.014236569
57700,0.741151989,1.030876160
57750,0.728144050,1.023691535
57800,0.728365421,1.018426895
57850,0.764011860,1.048617244
57900,0.727840424,1.021888256
57950,0.728159904,1.020956278
58000,0.733866692,1.017207623
58050,0.727540910,1.024292946
58100,0.728271544,1.016911745
58150,0.732342064,1.012874484
58200,0.728133619,1.025887012
58250,0.731363356,1.013607144
58300,0.728913665,1.027294397
58350,0.727641761,1.022555709
58400,0.732996702,1.017248988
58450,0.727387488,1.022958636
58500,0.727798760,1.022086382
58550,0.730275452,1.015399694
58600,0.729992211,1.024498940
58650,0.731656015,1.010676742
58700,0.727732778,1.028760672
58750,0.728016436,1.022900105
58800,0.728241861,1.020854950
58850,0.730718434,1.021289349
58900,0.742277563,1.020180464
58950,0.728361726,1.024751544
59000,0.732875407,1.019300342
59050,0.728763163,1.031260252
59100,0.730362773,1.014661074
59150,0.761798203,1.062972546
59200,0.727659404,1.025088787
59250,0.730866313,1.020026326
59300,0.749521017,1.025575638
59350,0.728284180,1.028129101
59400,0.727232397,1.023116469
59450,0.730998218,1.019855738
59500,0.728751540,1.034512758
59550,0.727001905,1.027005315
59600,0.727904439,1.020010352
59650,0.753915310,1.032953739
59700,0.727461517,1.026559830
59750,0.728196859,1.015977621
59800,0.727677286,1.032389879
59850,0.727398932,1.023919821
59900,0.727137685,1.031676888
59950,0.726994991,1.024482369
60000,0.729024351,1.018795967
60050,0.726883650,1.034096003
60100,0.726888776,1.024487734
60150,0.729538560,1.022324085
60200,0.735781729,1.026081085
60250,0.734676361,1.069892645
60300,0.726613998,1.027991652
60350,0.728860974,1.021075726
60400,0.735642910,1.055051446
60450,0.727015793,1.027907014
60500,0.727465689,1.022420526
60550,0.742447317,1.019406080
60600,0.727455258,1.029248476
60650,0.727648497,1.022739053
60700,0.735979378,1.028151631
60750,0.726534963,1.033147097
60800,0.726760089,1.026301384
60850,0.731400907,1.023641229
60900,0.727284789,1.039925814
60950,0.726755381,1.030750751
61000,0.727084339,1.028924704
61050,0.733254254,1.025666714
61100,0.726493239,1.032757044
61150,0.726671040,1.027241707
61200,0.732758999,1.023728132
61250,0.726509869,1.034447789
61300,0.726600707,1.028689623
61350,0.730397642,1.021180153
61400,0.727281928,1.033372641
61450,0.726577163,1.030368328
61500,0.727287292,1.022688150
61550,0.763619959,1.049752235
61600,0.726343215,1.031911612
61650,0.726882160,1.028571486
61700,0.728509963,1.021349549
61750,0.733875155,1.052666306
61800,0.726336539,1.036336064
61850,0.726577520,1.027880430
61900,0.729079843,1.026637554
61950,0.735743105,1.050319552
62000,0.726107657,1.033065557
62050,0.727299452,1.028799653
62100,0.732428133,1.025215745
62150,0.726726174,1.033782125
62200,0.725827157,1.033414602
62250,0.727688611,1.026728749
62300,0.740921497,1.039903522
62350,0.726535439,1.033763528
62400,0.726239741,1.029008746
62450,0.739269674,1.037614584
62500,0.726898670,1.037879109
62550,0.726373553,1.028065562
62600,0.730118334,1.026779056
62650,0.725592673,1.038733602
62700,0.725876927,1.033049345
62750,0.727320731,1.029928803
62800,0.727583528,1.051122308
62850,0.725747049,1.032048583
62900,0.726340294,1.033250093
62950,0.728355646,1.035476208
63000,0.736309230,1.034735441
63050,0.725920916,1.037694573
63100,0.727269351,1.031331301
63150,0.730026782,1.031863809
63200,0.809891999,1.063265681
63250,0.725753248,1.029238462
63300,0.737493813,1.031788826
63350,0.725171328,1.037614703
63400,0.725558102,1.036210895
63450,0.727920830,1.032010913
63500,0.734033644,1.048897982
63550,0.725388408,1.039605260
63600,0.725884020,1.032185674
63650,0.732670844,1.032639980
63700,0.730636537,1.055602312
63750,0.725638688,1.039389253
63800,0.726063013,1.033010006
63850,0.735644817,1.034571886
63900,0.725887299,1.038192391
63950,0.734248221,1.027207851
64000,0.726031780,1.040670991
64050,0.726313233,1.046297789
64100,0.725480497,1.039788961
64150,0.725492179,1.037026048
64200,0.743727565,1.029111505
64250,0.725223720,1.038762331
64300,0.725160480,1.040102124
64350,0.725766599,1.033852220
64400,0.736480474,1.074843049
64450,0.725170493,1.043017983
64500,0.725196779,1.040237069
64550,0.726077676,1.038654566
64600,0.730314493,1.036369920
64650,0.725978732,1.044333339
64700,0.727985144,1.030462980
64750,0.724861443,1.045538783
64800,0.724835694,1.040961266
64850,0.727724850,1.035563707
64900,0.734258175,1.057849884
64950,0.725281477,1.043405294
65000,0.725912452,1.037448883
65050,0.747248411,1.039338350
65100,0.724599898,1.045297742
65150,0.725159287,1.037561893
65200,0.747388601,1.072945714
65250,0.732009828,1.075747371
65300,0.729420424,1.048394799
65350,0.726869226,1.041442513
65400,0.733528912,1.043078065
65450,0.754658878,1.065195680
65500,0.724432170,1.046299458
65550,0.724606454,1.044310689
65600,0.727642477,1.040079594
65650,0.747262001,1.060297370
65700,0.725142241,1.047753453
65750,0.725493193,1.039374828
65800,0.736292362,1.049172401
65850,0.725791395,1.045232534
65900,0.726631522,1.038803935
65950,0.731077731,1.046613932
66000,0.724887431,1.048961878
66050,0.725260079,1.038276076
66100,0.757139146,1.065139771
66150,0.724297166,1.046088457
66200,0.725247920,1.041411757
66250,0.727288604,1.040680528
66300,0.729220271,1.048553824
66350,0.728183746,1.071882486
66400,0.724983335,1.046458006
66450,0.730120897,1.039486885
66500,0.733615398,1.050090075
66550,0.724395275,1.049797535
66600,0.724463761,1.042212963
66650,0.728138506,1.040276885
66700,0.724446714,1.050323129
66750,0.724394500,1.045202613
66800,0.726910353,1.053261638
66850,0.726305664,1.050540686
66900,0.735498667,1.055695057
66950,0.724179268,1.048913479
67000,0.725581110,1.041539550
67050,0.725063860,1.051315427
67100,0.724551201,1.043810010
67150,0.732198060,1.053250194
67200,0.724002421,1.054213047
67250,0.724289358,1.043918371
67300,0.727479100,1.048664689
67350,0.732001126,1.063471198
67400,0.723891199,1.049836040
67450,0.724812686,1.046969533
67500,0.752969801,1.054670453
67550,0.724169075,1.048531175
67600,0.724224567,1.051616669
67650,0.725812137,1.042467833
67700,0.723760784,1.052877069
67750,0.723708212,1.050840139
67800,0.724425495,1.048348784
67850,0.725024521,1.047285557
67900,0.729039669,1.047514915
67950,0.723981678,1.053465962
68000,0.724508822,1.043760061
68050,0.740964830,1.056798697
68100,0.723699570,1.050525308
68150,0.724405646,1.045187712
68200,0.727145612,1.052043080
68250,0.735163927,1.044107318
68300,0.723650634,1.053488851
68350,0.724480450,1.047158837
68400,0.740323842,1.042330384
68450,0.723700762,1.052459240
68500,0.723865032,1.048334479
68550,0.730296135,1.044049501
68600,0.723805368,1.054730892
68650,0.723787010,1.051907897
68700,0.726000488,1.044015408
68750,0.727881074,1.058724165
68800,0.723817587,1.053210378
68850,0.724431872,1.043478131
68900,0.731372476,1.055090308
68950,0.723221540,1.054825544
69000,0.723589778,1.051604152
69050,0.727118671,1.055648446
69100,0.757641137,1.061959267
69150,0.726187587,1.056205511
69200,0.725751460,1.049446821
69250,0.748374999,1.058634758
69300,0.723824620,1.056239009
69350,0.723581076,1.050486207
69400,0.732062578,1.049596190
69450,0.723133624,1.057179809
69500,0.724447489,1.043765068
69550,0.737345874,1.048547864
69600,0.723008990,1.056422472
69650,0.779394865,1.080386758
69700,0.723568082,1.051404595
69750,0.723546684,1.058083415
69800,0.723619044,1.048637509
69850,0.728887379,1.051369548
69900,0.722898841,1.056530356
69950,0.723164856,1.055168033
70000,0.722934306,1.058758974
70050,0.723396719,1.055119276
70100,0.725379348,1.050401568
70150,0.752801061,1.073438644
70200,0.724217355,1.060842276
70250,0.726824760,1.051903844
70300,0.725561917,1.062026978
70350,0.722784758,1.054628611
70400,0.727083385,1.053413630
70450,0.723801017,1.063027620
70500,0.726281404,1.061914682
70550,0.725315690,1.057783842
70600,0.726522088,1.053456664
70650,0.724907458,1.080051541
70700,0.723012149,1.053756595
70750,0.725072503,1.051028728
70800,0.732680261,1.064132333
70850,0.723157704,1.058912158
70900,0.723820210,1.063003182
70950,0.723508418,1.057795882
71000,0.725323319,1.052419662
71050,0.725940704,1.067173958
71100,0.722835898,1.060183287
71150,0.723781943,1.050924540
71200,0.735131919,1.063569665
71250,0.722596884,1.059864402
71300,0.731841147,1.047740698
71350,0.722488821,1.060732484
71400,0.764184654,1.072300315
71450,0.722333193,1.056022525
71500,0.723155916,1.055236578
71550,0.726067483,1.056800127
71600,0.726056755,1.072872758
71650,0.724795640,1.061130643
71700,0.725659370,1.045106173
71750,0.723054290,1.065364242
71800,0.722668409,1.056961298
71850,0.723396957,1.056350470
71900,0.724209130,1.062368751
71950,0.726834416,1.056821465
72000,0.729006350,1.059112430
72050,0.731711447,1.076735497
72100,0.722255349,1.064841628
72150,0.722618222,1.056414723
72200,0.732951701,1.052395940
72250,0.722048938,1.061039567
72300,0.729651153,1.056061745
72350,0.723061264,1.060259819
72400,0.723476350,1.053484321
72450,0.722713470,1.068714380
72500,0.722091973,1.058737755
72550,0.725404263,1.058556914
72600,0.722465634,1.066600323
72650,0.722484112,1.057503819
72700,0.732293963,1.060871005
72750,0.723767102,1.060136914
72800,0.724543273,1.054763317
72850,0.756529868,1.081540942
72900,0.723424673,1.063942432
72950,0.722339571,1.063655734
73000,0.729604125,1.063160181
73050,0.762568891,1.085152626
73100,0.724309146,1.066886306
73150,0.726134419,1.057937503
73200,0.721612930,1.069349527
73250,0.722204924,1.060430884
73300,0.726362824,1.056176066
73350,0.721999824,1.066571712
73400,0.721473813,1.065450430
73450,0.723016560,1.062326670
73500,0.726543427,1.054746866
73550,0.723404288,1.073174357
73600,0.727411509,1.055816412
73650,0.745182931,1.088304758
73700,0.721820533,1.062147379
73750,0.722442389,1.060898423
73800,0.726645410,1.061844707
73850,0.721805394,1.066690803
73900,0.721665740,1.061619759
73950,0.726067305,1.053956389
74000,0.723169863,1.067665935
74050,0.725709021,1.058223248
74100,0.721755862,1.066745162
74150,0.721416354,1.065369129
74200,0.724832118,1.058167577
74250,0.721946716,1.069602609
74300,0.722984374,1.058490515
74350,0.721877337,1.067774296
74400,0.721739411,1.064196348
74450,0.724878311,1.060201526
74500,0.738931656,1.072029233
74550,0.722216547,1.066780448
74600,0.721337497,1.062986135
74650,0.787733078,1.087440372
74700,0.721302569,1.063493848
74750,0.727154911,1.056877017
74800,0.721476138,1.069718480
74850,0.721544921,1.066634536
74900,0.723139226,1.059669137
74950,0.734638035,1.071753621
75000,0.721393645,1.068968534
75050,0.722896218,1.057052016
75100,0.729120910,1.060987234
75150,0.722022235,1.069101214
75200,0.721286178,1.067154408
75250,0.723562241,1.057537675
75300,0.758971691,1.068005085
75350,0.721168637,1.066342235
75400,0.721502542,1.068499923
75450,0.725348532,1.068639874
75500,0.721749187,1.071817994
75550,0.721122801,1.067459941
75600,0.722248197,1.059920430
75650,0.729852200,1.065847039
75700,0.774165869,1.086836576
75750,0.721066535,1.068540096
75800,0.722833991,1.063707232
75850,0.743790567,1.086049676
75900,0.721110225,1.070666075
75950,0.721558690,1.062902212
76000,0.726457715,1.102201223
76050,0.721265018,1.069386601
76100,0.723355114,1.059089422
76150,0.747826636,1.120004654
76200,0.720923603,1.069225311
76250,0.721942544,1.062971354
76300,0.740440786,1.066308141
76350,0.720846295,1.067853689
76400,0.723369837,1.060242057
76450,0.722296476,1.066656947
76500,0.725813746,1.062900186
76550,0.720567703,1.074102521
76600,0.721239328,1.061195254
76650,0.721242726,1.072618604
76700,0.721168637,1.064181089
76750,0.726187527,1.062500834
76800,0.741741240,1.119959950
76850,0.720959723,1.066713810
76900,0.720818460,1.068073034
76950,0.724887908,1.061547399
77000,0.721073747,1.073135138
77050,0.720718324,1.072556496
77100,0.721829236,1.065546989
77150,0.729107082,1.073314786
77200,0.721039236,1.071093321
77250,0.721249819,1.066736341
77300,0.722383499,1.067604899
77350,0.735052824,1.074101090
77400,0.721377134,1.072902799
77450,0.720711350,1.069603443
77500,0.724774718,1.063791633
77550,0.719999671,1.073787093
77600,0.721255660,1.068515778
77650,0.724066257,1.065883040
77700,0.720381796,1.074886560
77750,0.721434474,1.063924789
77800,0.736475646,1.077639699
77850,0.720964789,1.072880626
77900,0.721864164,1.065706372
77950,0.720354080,1.073493123
78000,0.721000850,1.063335896
78050,0.739501894,1.078999877
78100,0.720083058,1.072034597
78150,0.730773807,1.069401264
78200,0.734847665,1.089607239
78250,0.720610917,1.071204424
78300,0.728676200,1.091440201
78350,0.720594287,1.073680401
78400,0.720994055,1.070360422
78450,0.725962281,1.072292686
78500,0.726327658,1.091226459
78550,0.719978929,1.070365667
78600,0.722640038,1.068895578
78650,0.739867747,1.082725883
78700,0.719844699,1.072464824
78750,0.720507383,1.071466446
78800,0.721827984,1.067522407
78850,0.731113315,1.092028379
78900,0.719922483,1.073575020
78950,0.723395050,1.066761494
79000,0.729376078,1.084053159
79050,0.721197188,1.080032468
79100,0.720515907,1.070929646
79150,0.721187592,1.071304798
79200,0.732357442,1.081743598
79250,0.719996214,1.077998877
79300,0.720828116,1.067860484
79350,0.746484339,1.069007158
79400,0.720319510,1.076827288
79450,0.720693290,1.069719672
79500,0.722312927,1.073488951
79550,0.720566332,1.073482394
79600,0.740494788,1.095926046
79650,0.720202327,1.075043321
79700,0.721227467,1.068477154
79750,0.736335158,1.111585617
79800,0.719946146,1.075266719
79850,0.720584214,1.068455577
79900,0.730211973,1.079989672
79950,0.722122908,1.075238705
80000,0.722374022,1.070129514
80050,0.720432222,1.079924822
80100,0.720310569,1.072889924
80150,0.722000122,1.071026683
80200,0.719538331,1.080587268
80250,0.719792902,1.071353197
80300,0.727034450,1.071364760
80350,0.720190823,1.077768326
80400,0.720737875,1.067483664
80450,0.722755849,1.074114084
80500,0.720849633,1.077030778
80550,0.719707847,1.072008848
80600,0.720929325,1.077156067
80650,0.722206891,1.070541263
80700,0.734690428,1.081721425
80750,0.719584584,1.076492548
80800,0.719411671,1.078679442
80850,0.724684060,1.075778484
80900,0.720824182,1.078982234
80950,0.735715330,1.086195946
81000,0.719472945,1.080231428
81050,0.720604837,1.072246432
81100,0.720141768,1.080424786
81150,0.720855713,1.080334663
81200,0.721071482,1.072494745
81250,0.720854342,1.085632682
81300,0.719460428,1.074733973
81350,0.719310403,1.079180837
81400,0.719445825,1.079951048
81450,0.724484563,1.076924324
81500,0.724148333,1.092109919
81550,0.719450414,1.077665925
81600,0.733400941,1.082264543
81650,0.719453752,1.082025051
81700,0.720557868,1.073969245
81750,0.740907073,1.075689673
81800,0.719376445,1.078123212
81850,0.719465733,1.079152346
81900,0.719528794,1.078163147
81950,0.722998023,1.073133230
82000,0.748936236,1.102613926
82050,0.718968987,1.079677820
82100,0.720521450,1.073599815
82150,0.723558187,1.078240633
82200,0.740979671,1.117130399
82250,0.719945610,1.078140974
82300,0.737736583,1.070243597
82350,0.719561279,1.078304887
82400,0.719589412,1.074711800
82450,0.721882105,1.080459833
82500,0.731929421,1.091574073
82550,0.720028818,1.078806520
82600,0.719948590,1.073045850
82650,0.732343733,1.082136750
82700,0.719591439,1.082627296
82750,0.720523894,1.076305628
82800,0.735022843,1.082550764
82850,0.719085455,1.080929160
82900,0.719729781,1.082744718
82950,0.721211195,1.077796102
83000,0.719315290,1.089113474
83050,0.720488131,1.077365398
83100,0.735617459,1.094154000
83150,0.718781173,1.084757805
83200,0.719058394,1.085432887
83250,0.719783247,1.073394656
83300,0.730385661,1.086163998
83350,0.718665540,1.083999038
83400,0.720129907,1.080420494
83450,0.723459542,1.082082629
83500,0.773870885,1.112215996
83550,0.719654143,1.077316046
83600,0.721646369,1.071197271
83650,0.719398141,1.082345366
83700,0.718551576,1.082615852
83750,0.729495823,1.081260562
83800,0.719167650,1.082210660
83850,0.719208539,1.080385089
83900,0.725309014,1.081113219
83950,0.720784605,1.083145380
84000,0.718724489,1.084015965
84050,0.750936687,1.070741057
84100,0.718930602,1.085681081
84150,0.718828857,1.085035086
84200,0.719856083,1.096666694
84250,0.718450129,1.086511135
84300,0.724284708,1.083288550
84350,0.719726324,1.092742562
84400,0.718353510,1.084589005
84450,0.718937099,1.082693815
84500,0.725884855,1.071762800
84550,0.718219638,1.085442066
84600,0.718472719,1.084497571
84650,0.720251262,1.080282927
84700,0.746787012,1.077524185
84750,0.722165823,1.092274666
84800,0.719153762,1.089903235
84850,0.718331814,1.084023118
84900,0.724716067,1.076461554
84950,0.718329787,1.088653922
85000,0.719287455,1.082160115
85050,0.721056283,1.083118320
85100,0.719505727,1.094082594
85150,0.719029486,1.087208748
85200,0.727842867,1.079829574
85250,0.718963504,1.087754607
85300,0.719576597,1.077393413
85350,0.729639530,1.093016982
85400,0.720923126,1.089498878
85450,0.721704066,1.090432763
85500,0.725606740,1.079046607
85550,0.719990075,1.091440439
85600,0.718671620,1.085602880
85650,0.720649421,1.081697345
85700,0.741781771,1.088148117
85750,0.718399584,1.088098168
85800,0.718395352,1.083363891
85850,0.721779168,1.078596950
85900,0.717891574,1.092750549
85950,0.718172908,1.082587600
86000,0.721403837,1.082185149
86050,0.719736814,1.091042757
86100,0.717892528,1.085693121
86150,0.719454229,1.081848264
86200,0.727818727,1.107228994
86250,0.718450546,1.091120005
86300,0.718831658,1.083302855
86350,0.719915211,1.089851737
86400,0.720706582,1.083231211
86450,0.717877030,1.099494219
86500,0.718641877,1.087399006
86550,0.721522331,1.084841609
86600,0.719477117,1.094607234
86650,0.718610525,1.084351778
86700,0.753292620,1.095986247
86750,0.717798233,1.090383410
86800,0.719810128,1.085964918
86850,0.718478024,1.089331746
86900,0.718652129,1.085425496
86950,0.727022767,1.080310106
87000,0.747855484,1.121817946
87050,0.717890859,1.090557218
87100,0.718797147,1.085678697
87150,0.722681880,1.083112001
87200,0.739276052,1.146786690
87250,0.717611372,1.087979078
87300,0.723921657,1.083801985
87350,0.717619896,1.093969941
87400,0.718208969,1.084807873
87450,0.741010904,1.120028138
87500,0.717941225,1.087680101
87550,0.718713582,1.089149117
87600,0.718791127,1.090461969
87650,0.727684975,1.094679594
87700,0.720667958,1.092200279
87750,0.738110781,1.090211391
87800,0.718245149,1.093525648
87850,0.718269825,1.085504651
87900,0.720245063,1.094964385
87950,0.717377305,1.090066075
88000,0.718086302,1.090815187
88050,0.717705786,1.087724805
88100,0.722846031,1.080366492
88150,0.717745125,1.096065283
88200,0.718007445,1.087587714
88250,0.720796704,1.089678884
88300,0.718028009,1.094007969
88350,0.717953980,1.090420365
88400,0.721885860,1.086869717
88450,0.722541928,1.089503884
88500,0.764212430,1.085695028
88550,0.717426479,1.089688659
88600,0.721556187,1.094063163
88650,0.718134403,1.090870142
88700,0.718669772,1.096321821
88750,0.717457414,1.089225888
88800,0.723469019,1.091904640
88850,0.732524574,1.115007997
88900,0.718481898,1.094731927
88950,0.719830990,1.084311962
89000,0.723286211,1.102853775
89050,0.726252258,1.106770992
89100,0.717986405,1.099604487
89150,0.717055738,1.091700315
89200,0.721929014,1.089976192
89250,0.739924788,1.106252789
89300,0.720637679,1.093398213
89350,0.717675388,1.092131257
89400,0.717509449,1.095571876
89450,0.737859547,1.110634804
89500,0.717027843,1.095386624
89550,0.717524171,1.086515069
89600,0.726671934,1.094965339
89650,0.717307806,1.100381851
89700,0.717938364,1.093894958
89750,0.719693482,1.088550568
89800,0.729403675,1.086948991
89850,0.717539132,1.087721825
89900,0.718327761,1.085743785
89950,0.717463017,1.102917671
90000,0.717669845,1.089062452
90050,0.719682634,1.089359641
90100,0.731048405,1.105400443
90150,0.719703615,1.098781228
90200,0.718995631,1.086200237
90250,0.733217597,1.104535103
90300,0.734776735,1.099653125
90350,0.716993213,1.099449396
90400,0.718448222,1.089950562
90450,0.727655828,1.106373549
90500,0.719975710,1.102709889
90550,0.717574239,1.094795108
90600,0.720713615,1.114420652
90650,0.716688693,1.096809745
90700,0.719814956,1.087547660
90750,0.736181676,1.125081897
90800,0.718481958,1.097443461
90850,0.717146218,1.096267581
90900,0.717776299,1.102790117
90950,0.717716575,1.089985728
91000,0.717949092,1.096940398
91050,0.720179081,1.090136409
91100,0.717339814,1.107022524
91150,0.717531562,1.093456864
91200,0.721390963,1.094298959
91250,0.717468262,1.103727937
91300,0.716894150,1.098693371
91350,0.717978537,1.091750979
91400,0.720507622,1.089966059
91450,0.718841553,1.105986238
91500,0.721121311,1.095301628
91550,0.718852341,1.114569545
91600,0.716427565,1.101120353
91650,0.716564417,1.097647309
91700,0.719006300,1.093384862
91750,0.717303276,1.103777528
91800,0.718052387,1.091173053
91850,0.718238354,1.111770153
91900,0.716522038,1.097122312
91950,0.717109919,1.096748710
92000,0.716658771,1.099210262
92050,0.717061996,1.096229434
92100,0.718268037,1.099774599
92150,0.727050364,1.096734285
92200,0.716298759,1.102557659
92250,0.716440618,1.097651362
92300,0.722326338,1.101370096
92350,0.718642473,1.105160236
92400,0.723573506,1.087245941
92450,0.716586828,1.101655006
92500,0.716555595,1.095311761
92550,0.725080788,1.091782212
92600,0.717190444,1.103680849
92650,0.716985226,1.095818043
92700,0.722196937,1.091927171
92750,0.717033267,1.103748083
92800,0.716429651,1.094585657
92850,0.724493742,1.124801278
92900,0.717331171,1.111389637
92950,0.718375444,1.100763440
93000,0.716904521,1.098039627
93050,0.718030572,1.091187596
93100,0.767235458,1.114890337
93150,0.716460764,1.102269769
93200,0.722277343,1.087344408
93250,0.717412233,1.100497842
93300,0.717077732,1.096011400
93350,0.717577279,1.098445773
93400,0.717689216,1.090809703
93450,0.722711742,1.088887572
93500,0.717429340,1.113053918
93550,0.718970597,1.106597304
93600,0.721056163,1.091940403
93650,0.716741860,1.112885237
93700,0.717254281,1.101458430
93750,0.717526495,1.097378492
93800,0.742784679,1.110569000
93850,0.715691984,1.107311010
93900,0.716209114,1.103037119
93950,0.719743133,1.103303432
94000,0.743557036,1.155818343
94050,0.715793312,1.102155209
94100,0.716393888,1.105759144
94150,0.716543198,1.097237706
94200,0.720404387,1.102179646
94250,0.716216266,1.109148383
94300,0.725851834,1.100592732
94350,0.716017246,1.107621312
94400,0.715780079,1.102537155
94450,0.717252076,1.098887205
94500,0.735125601,1.130277157
94550,0.716136992,1.108325481
94600,0.716839612,1.097231269
94650,0.728050292,1.099293113
94700,0.715463877,1.107297659
94750,0.715851605,1.101376057
94800,0.722159266,1.106999040
94850,0.716497719,1.113144755
94900,0.716249764,1.096786022
94950,0.722501755,1.102037191
95000,0.717432916,1.123459458
95050,0.715840399,1.104115129
95100,0.718762040,1.090702295
95150,0.741455019,1.094725132
95200,0.716485739,1.106543064
95250,0.716152012,1.102595568
95300,0.721009731,1.103619456
95350,0.719649911,1.110623240
95400,0.737197816,1.107825398
95450,0.715975344,1.109805942
95500,0.715791583,1.106024623
95550,0.716700554,1.114902496
95600,0.715497255,1.106896520
95650,0.715728819,1.106717229
95700,0.717386842,1.097369909
95750,0.715884209,1.103691697
95800,0.715762913,1.100604892
95850,0.716852784,1.105295539
95900,0.727128208,1.101313472
95950,0.715755880,1.107613921
96000,0.717453539,1.094448447
96050,0.720276117,1.115874410
96100,0.725805819,1.120596766
96150,0.715738535,1.103543162
96200,0.716687500,1.095750213
96250,0.726123631,1.106532574
96300,0.715750694,1.111075163
96350,0.716065288,1.103722095
96400,0.716725111,1.102644324
96450,0.717669070,1.102667689
96500,0.715584099,1.112748861
96550,0.715403855,1.104079604
96600,0.719952524,1.107863426
96650,0.718754470,1.092911482
96700,0.715429068,1.113350272
96750,0.715454340,1.103652239
96800,0.718662143,1.096723557
96850,0.722021878,1.107782006
96900,0.723000169,1.138678074
96950,0.715525985,1.106722236
97000,0.715336859,1.113585949
97050,0.716152430,1.104145169
97100,0.717317104,1.105086565
97150,0.736429691,1.103381157
97200,0.716558218,1.106445670
97250,0.723974705,1.102226138
97300,0.717547715,1.109477043
97350,0.715983033,1.100721121
97400,0.722664893,1.113019705
97450,0.715856254,1.107450128
97500,0.715545118,1.106071711
97550,0.717617095,1.105767608
97600,0.728382170,1.090941429
97650,0.715557337,1.114682913
97700,0.714989603,1.107566714
97750,0.717560887,1.124605775
97800,0.717189312,1.110978246
97850,0.721271455,1.095281720
97900,0.715238810,1.106796026
97950,0.715646923,1.109367132
98000,0.717940032,1.111369014
98050,0.717946827,1.104850292
98100,0.714941502,1.108718038
98150,0.716236889,1.101339221
98200,0.725605071,1.118973732
98250,0.715963364,1.108958006
98300,0.716081321,1.125678658
98350,0.715531170,1.107246280
98400,0.716075957,1.100106239
98450,0.723154366,1.102985501
98500,0.718474030,1.108604193
98550,0.715587914,1.116552830
98600,0.715632260,1.109558344
98650,0.717159688,1.104754210
98700,0.750531912,1.107808828
98750,0.717460930,1.108376384
98800,0.715883791,1.106058478
98850,0.716903448,1.112395167
98900,0.717049539,1.103287220
98950,0.723430574,1.101720095
99000,0.716375589,1.120718718
99050,0.714898765,1.112790585
99100,0.716025591,1.107895613
99150,0.714954734,1.110617280
99200,0.715193093,1.110261440
99250,0.719214618,1.109891295
99300,0.716713190,1.116250873
99350,0.715456843,1.111945391
99400,0.716637433,1.107099533
99450,0.716143370,1.120389462
99500,0.714966238,1.109516025
99550,0.715786517,1.114952445
99600,0.718570292,1.104938269
99650,0.716576695,1.119141698
99700,0.717414796,1.096399307
99750,0.715981543,1.123467088
99800,0.715999246,1.114856243
99850,0.717082560,1.105100393
99900,0.722377241,1.124065161
99950,0.716279209,1.115540504
99999,0.717322171,1.111688614
